AAPL,MSFT,GOOG,AMZN,META,NVDA,TSLA,NFLX
0.5609434159508863,0.2920031787519009,0.6500902391612914,0.6881129432782427,0.10979296226923271,0.2395640986275364,0.5255680806334571,0.43675148153128357
0.49663976849914226,0.32939121448528397,0.6758795949725657,0.6555583870857896,0.5132061395122431,0.7254482413936065,0.5935018684504091,0.32814150742335235
0.5737501568164998,0.30822347983420023,0.6756900602614546,0.4900148178027494,0.4630275272909479,0.36381409111921176,0.744508267734806,0.4690941035862396
0.41433443556737853,0.4295732899023541,0.6064618371106697,0.5730888128728157,0.5825465223191977,0.5861642006015766,0.9283295201740923,0.41871699672307694
0.39755145418569254,0.33724545435042447,0.6231958845150991,0.7257944585441783,0.47721050846902496,0.3319687046074944,0.3351037568617521,0.6301185575649402
0.6486508342406885,0.608630853661039,0.3668980585422611,0.5464322646133439,0.5233371618281456,0.5437377193458026,0.6742857555896379,0.5447191097549364
0.635782712614379,0.5135158138977783,0.5578238797379967,0.626257645167708,0.20856883602886672,0.43606575672853976,0.4059254691414409,0.3722244303513317
0.4449715497546633,0.7989882622468791,0.32683377686135134,0.6936556709182962,0.16342604567683902,0.433022994002845,0.5325506130210012,0.6172444662718557
0.6422453159585709,0.6586694470399851,0.4302549855503125,0.4075296414670866,0.6715951762514307,0.461739135023677,0.24486273533241565,0.27334255719930384
0.31610954279967773,0.5994321488107528,0.528485147214113,0.6380970708135536,0.4145494707326931,0.5317079382153428,0.6251180787934674,0.4381306920559523
0.5913550475114823,0.3676148117866697,0.42738923068698564,0.42365242120033414,0.26083207088219207,0.5973944961571164,0.4061195319594552,0.5024988237455374
0.5961493317811818,0.5893062352059888,0.6330770217945572,0.48030290309811524,0.41534033759116923,0.4840563578187202,0.16253311320839403,0.21057750551538254
0.23546007752911954,0.30055063447970365,0.5799548453446873,0.31890418892798783,0.4243674891921221,0.7598456595572131,0.4287472057877148,0.6475031136934173
0.3132764639980246,0.45891248842647403,0.30999558901788377,0.4321933848198875,0.6680616274914791,0.15453591536153027,0.5868847287091714,0.5475471204664556
0.3811700088606411,0.21078842912230908,0.5144259015427739,0.3941014581872396,0.5465352422709407,0.5043704291046885,0.8203557782641832,0.45212887450539513
0.29530050147562703,0.5358551269912633,0.543999336794353,0.7718375150480873,0.6670222491829156,0.5713742118299018,0.7926605782439123,0.26224738913542983
0.37204969345005046,0.31468481171889506,0.42203803936884643,0.22466277048873823,0.6270301893628808,0.4555554605802453,0.20583874109946845,0.2968841837584917
0.5627027694900391,0.6676253135788762,0.8993461783383573,1.0,0.5828818866551992,0.30209237599362715,0.07359074385373816,0.5535422924687672
0.33741178093793484,0.4169285479640629,0.3775806401880384,0.471841822716723,0.7131960461575287,0.531409713489069,0.4682730325922624,0.29286924943483766
0.1650634110591286,0.40273841818533385,0.48924348983633587,0.8535859827159766,0.5260549042945771,0.6965479022046115,0.40014088029216965,0.2630112467165951
0.3069766475535256,0.3549547870928494,0.9256939464870328,0.3357226641551228,0.667697840747269,0.31941456438259475,0.6863146025748488,0.5769901932211726
0.4686724204683819,0.49184749477291323,0.3690424609141219,0.5892144402964161,0.409003303931844,0.25487884724655036,0.24441248513607616,0.5345175835444239
0.815818251282087,0.5319983227146876,0.4762723347780235,0.5571652279205086,0.761200348341365,0.5438765002727712,0.41781455383325256,0.7212577420119778
0.5857512876923227,0.8071511983991984,0.5366468874443812,0.2551061936559,0.22636816015086703,0.8301855864462498,0.8447331441566593,0.46409615734347986
0.4233625357728025,0.7922888584484405,0.2785908635913024,0.3210545962088347,0.6286653589378088,0.42107897542808204,0.4989756266559857,0.4673114202950975
0.5675149097597867,0.7814963722627434,0.5181169813803491,0.6287877586553716,0.08996557979379552,0.4902563196139764,0.3313539459414258,0.2562373879152744
0.3243695266142499,0.4331753118598376,0.6831805084712026,0.23472145645208722,0.5061262985188835,0.40316611333328434,0.43446538112760785,0.7005515650609209
0.6076230874007852,0.7674796214885488,0.46909886415001995,0.3608114776658594,0.4552282366239001,0.5484993582542443,0.5353146716907422,0.2831223855533267
0.5180979563255748,0.5456456660277811,1.0,0.875368922256334,0.32935132988823596,0.4425233276901648,0.20731159963259937,0.3818585972073027
0.5631210007180681,0.7411707241776467,0.35418323245127836,0.3691707119864407,0.07054219405226901,0.46746681589101846,0.28751711762808735,0.39411211452678524
0.3246278443664824,0.4811474891494886,0.1484543217286738,0.20659095092180188,0.9258494224056596,0.2425154837451938,0.2806428843090721,0.8673827056642628
1.0,0.26568667423493164,0.42635020864239387,0.5683111101881019,0.8457395288811184,0.3026285843143525,0.45094443081157803,0.6554675152123488
0.5869532148933237,0.42476878575398014,0.4732354070967918,0.22502083832600364,0.452365251205067,0.44672250199820895,0.5464339779252512,0.3889345562361968
0.5943077045090278,0.7025431635639657,0.5310858655336932,0.5703512816798407,0.5106310695155735,0.5000168786182828,0.3556883932914305,0.5632988523346616
0.48054268031730213,0.918633661786119,0.8146709804950486,0.5771693105113002,0.3473885580610465,0.2775177056033164,0.738228590617773,0.5525498450294277
0.5960286806783222,0.15108280260516152,0.6854876963116361,0.5908840676428726,0.2779138631171044,0.40569503851001026,0.5527434408713039,0.5104933596712488
0.441565762839289,0.4793023463868078,0.4496045243586229,0.5305125024204937,0.7942983945986315,0.0,0.45262994709806315,0.5353024842744893
0.5591987979374199,0.42561708373574203,0.1486556435042835,0.5655990967428219,0.8454700428328371,0.1932277190167725,0.6727656027396376,0.43429495537542123
0.48773513083423053,0.2894202978592102,0.43310876552882466,0.7600089189397916,0.6165310483975414,0.8464623210819888,0.7354823777955388,0.5878173357859152
0.8487869052335584,0.5877986317476598,0.6655976353594117,0.44068580929305834,0.5133091631718409,0.3605152353399446,0.6979167869189706,0.2643392753770269
0.6564700684835323,0.46186978849896815,0.7342494186934639,0.650173797746252,0.8641292315293603,0.646154938227729,0.18559194886935185,0.4866093654203599
0.26559856148103683,0.3963440315267451,0.8022456866553442,0.6275067621795392,0.3602139142842507,0.2972565267119202,0.5065564185752521,0.2566879701237744
0.36577194452068373,0.5624018943102488,0.7310624072213392,0.621752294444888,0.041742098280380044,0.560873345806052,0.5144067146465156,0.5827780570745386
0.8232419363302415,0.08735234463905145,0.38177931496177886,0.618181264558671,0.1836811201092116,0.7951898096107018,0.5736713225401316,0.6693167971686809
0.3858112676956411,0.6627527379932421,0.7136943111978076,0.5465756040274337,0.5468801785397392,0.5540686478563452,0.3273309470521236,0.47049426395192945
0.4694954935095283,0.576678772870699,0.6999648493820589,0.28829278360431815,0.4749981939360845,0.7962911095317946,0.35128235423748716,0.33554999654193596
0.5404612383662387,0.668877038097064,0.5022852111121319,0.7657921180873979,0.6713587965133053,0.6683640133780123,0.6108233002648187,0.9655306200692171
0.45896766222679114,0.09929554158669723,0.8208508723034282,0.40846011380863484,0.5215760888686066,0.7619101369721054,0.17954809178821493,0.24967055717877212
0.1797444125762293,0.3411727419949152,0.5879273212033987,0.6048375685625542,0.5552548358657108,0.21744682322152672,0.03797931267347121,0.5108707170780765
0.4056447932723329,0.5918771543433223,0.640390725244254,0.5276482864117363,0.6520266170751707,0.5458422748230137,0.6060129411202934,0.3590653474260236
0.4640777172337083,0.5393552193313914,0.6641056950834837,0.42125176555508553,0.6042334511464226,0.4468322416169242,0.4764915665343739,0.6659038084048147
0.10138792578916887,0.24070553438504783,0.20356292051143587,0.033276776030339086,0.36434711196896463,0.649886779945548,0.44302318672348506,0.5395580163883704
0.7178434993421585,0.7655372264535383,0.4861724130547721,0.7707171779138795,0.5184253316868218,0.33252035523450757,0.381119929560253,0.20389269748699676
0.3223732292532695,0.42839666238511415,0.6607170038757204,0.8441539662331967,0.22356369692459202,0.5785654936519837,0.2918912121684931,0.5949394176926404
0.47378266986245465,0.13381883483049395,0.6856593983136968,0.37899985743825376,0.3932199523252891,0.28604951774206205,0.36914334466248894,0.5855780881389835
0.46215113181271894,0.5657324004564962,0.5723843707857688,0.7641323311056334,0.4314427698271241,0.20462843663085364,0.7134444833143966,0.43370236558054903
0.7229184889154755,0.5766754226364941,0.473772493959331,0.569755178809259,0.8902025120252599,0.9153961058107507,0.5138762270265557,0.5320381186634151
0.7152480314932771,0.33086779344653056,0.5666140745236511,0.4948274304092287,0.5627816422915107,0.33332623881011886,0.1820865013382062,0.08540331280174167
0.27652317740207843,0.4082649430121334,0.44136168267024767,0.8874462324859034,0.7211986739814596,0.3075817767316745,0.5695416904901914,0.418584352729935
0.44312723239198093,0.5370651298830764,0.6238342233950787,0.4321483032231969,0.7127703065468717,0.2716123547715192,0.5012678124724537,1.0
0.544615948525055,0.7866429013212346,0.5183040356346417,0.6161554190659593,0.48864336112146173,0.4659184837671591,0.34410352065491606,0.5860602717915107
0.3296925621628464,0.6331170472626858,0.7170574008891819,0.573306281447446,0.44275025328886164,0.5907931158617392,0.4382653888907175,0.6871094250930299
0.13371878315697527,0.4328785263762708,0.10183760097520048,0.20098783395455902,0.7727724459627818,0.6790369963943372,0.35610395334304196,0.1994993087918206
0.0,0.3913008984134731,0.9840830024494804,0.5869768542927295,0.3880855427901021,0.5930160419000613,0.18780832940111145,0.4405353274604729
0.5198954946031478,0.4827798696357903,0.658161224338016,0.5689290452472104,0.6336652036215993,0.3623255435538481,0.6795630816821097,0.8257873895247982
0.3059700960697175,0.322460868857088,0.7671568672640466,0.46173120266098794,0.7807642784133114,0.41149285762156323,0.7910091152541423,0.5262971633610904
0.5516457646645391,0.8129436043339808,0.4276459045111658,0.31177558081500834,0.41028715839432917,0.5904667901286278,0.18684818556389718,0.6274941805302243
0.39224573647645133,0.7295625321467127,0.021147939019905693,0.3426868449791663,0.16270636975317962,0.3347541067272095,0.5495331802217887,0.464154674910049
0.44932448621039706,0.4681630257239878,0.5406776481239887,0.29829279161137845,0.6413699281798102,0.6325331940770967,0.5770075875312202,0.6113066885502526
0.5592836001617318,0.9070146605462134,0.482581165789498,0.43858335633308465,0.34929448392852447,0.29354746588443265,0.2511056424797849,0.3222405373538163
0.4858639236695857,0.5668590256995429,0.5102284117104324,0.3468929445140574,0.6800369128039926,0.6478825344601894,0.4680703385155966,0.3694167710670576
0.6096855841659599,0.5375947174972209,0.21037454811699047,0.486403948803119,0.5524071624148762,0.3200610427024493,0.5379686785674886,0.20903550294844217
0.7672372200024342,0.7495899970118863,0.449496533139407,0.5726908675678146,0.01801560684002501,0.2687304679469334,0.441244215969574,0.2855733957146282
0.6428792965261317,0.8994593061495988,0.2646770561141396,0.3325073191829615,0.547089673661986,0.8222232296999241,0.2555251374920194,0.5498072244613884
0.8642597701626217,0.16964817036414656,0.2437861586308336,0.4152786787078323,0.39588231742891783,0.662520257550729,0.5483319439641676,0.14500758807157432
0.6030820805801621,0.38449222252886994,0.7548894433882478,0.37448249271261613,0.3726769433795529,0.6082263221609063,0.6525852964673873,0.5896198727872407
0.16288053652303838,0.6076068879856502,0.2931383896651202,0.5470552223176527,0.21525311292018798,0.5892644295086127,0.3386802191385255,0.2434730699478957
0.6427640272964799,0.5483289043353503,0.37720463972142054,0.7902357698042128,0.4118695156860515,0.506421534794187,0.5537826895357202,0.3760668131742773
0.5942272586799859,0.39330953056705514,0.41767233555675815,0.7725285279606682,0.2918827894975134,0.01744393381410199,0.8221873990023789,1.0
0.41894614691013365,0.11263239187596294,0.43790320476081124,0.4427554100318662,0.46201523179554865,0.2773223916156303,0.6159122284952955,0.6049014750572171
0.2011188760361387,0.6398393463389775,0.9105369963891782,0.534392066487412,0.43253496758629884,0.47159935711849577,0.6230513533937123,0.15386567889855637
0.5328781405954605,0.421907210107438,0.8695650025912091,0.46516545323900843,0.8335775222239039,0.27925186044359857,0.6174518333605584,0.5638800527582457
0.32619055042704354,0.535479222927388,0.7425037673663201,0.43524165914267987,0.16160747016604735,0.4964874347045108,0.31951538104149746,0.43153181226722354
0.48368244606297583,0.1588695567968966,0.1768683321358644,0.5964133671051051,0.39545626076606394,0.0,0.656968807321627,0.554473951054848
0.3572250351927032,0.23663395778835172,0.6671615792628673,0.569870124512086,0.9765204565368146,0.5840377197449875,0.5775406282524029,0.46661441397828696
0.6633551734401583,0.6250170402496308,0.750345001713039,0.39573541627254305,0.41291850541120756,0.40417936581760394,0.6581603442357977,0.7996748880593464
0.4082319013701399,0.41504525444138174,0.5628154447739598,0.4508476999974197,0.690410730627978,0.04964454187619066,0.33465899061662113,0.34351673320771087
0.03592879752277102,0.3072723111262392,0.31696877683081476,0.45977906909623395,0.7225931783320527,0.4509878697618595,0.29383725594576926,0.4886090917572942
0.7098347242882699,0.304808236777019,0.31788502321571027,0.6117097918548448,0.4556927768538399,0.6294969381418949,0.49727064164094065,0.6403327296179134
0.2929843771918718,0.4975830698423465,0.4578619971273687,0.25682181517917385,0.18730441042626236,0.6371498070549323,0.4298095235564044,0.2955439436705341
0.4807642126153336,0.7256037714698605,0.04385243092561546,0.20067226201933472,0.31542271162094654,0.7922357733440657,0.5565173965838593,0.6534634480922453
0.2719678161747539,0.27609282494589477,0.5895627433445421,0.5116548661870893,0.6097477637728252,0.46246580181430963,0.5556287452909254,0.5316238169810219
0.655553477816985,0.6614016563888941,0.17602560112164606,0.05054628893182887,0.7003490795303015,0.7375450186523874,0.2958753960973325,0.12803291869087427
0.5198069642014402,0.686167645270106,0.8595189044868629,0.6032595144202902,0.425656660682861,0.32137387568302744,0.5022902583341309,0.4401470592229487
0.29698641885423677,0.9097511301726574,0.8570336804144263,0.7272097367110858,0.31582992043817454,0.6710038648594557,0.6279252818995803,0.5885091248408105
0.7499330534087554,0.6270742285722555,0.6480028472608671,0.627381256674442,0.5681582816004211,0.14327777405716335,0.5167242154821114,0.3887616082301749
0.2440318084719959,0.8363633238601648,0.8457990681771407,0.7718441200591225,0.5510426833711749,0.7701250241905313,0.5024106361203651,0.5405594553795559
0.2813057259076034,0.579398260899768,0.5120771856848835,0.2394695766331071,0.4897605776366806,0.48405408722863835,0.859512233328928,0.6788426657026819
0.5022890878182932,0.5497574619602166,0.5088424756208396,0.4594172030408905,0.28351456052234264,0.46978962447861417,0.3507803486694973,0.24993689221537072
0.602244362909507,0.578252931986647,0.14265849772638442,0.4754630725009746,0.6991402771799846,0.7118447477792641,0.7051673685770478,0.5077826413802919
0.33099093440616983,0.2832602345283879,0.5689209809500715,0.5758560068730326,0.757466222321013,0.7199959300684167,0.4735542686937656,0.2511588242278261
0.43617868059782045,0.543446238962105,0.4595833509221192,0.3844211783844688,0.5505769629939797,0.39920845171787794,0.37438678325492525,0.5622905668606879
0.4196014839741591,0.5488208777956705,0.5546408045704245,0.27211419978168505,0.40375177522691763,0.7875553879832925,0.26758409745314254,0.07666911020589383
0.1276309693514977,0.5058219893153338,0.5061834556065398,0.4764778289149758,0.7428379657857004,0.0,0.5791867748861648,0.8122876403607147
0.2744438470216572,0.424038697642021,0.34942161655427584,0.3211307907844943,0.434747598995392,0.785497056736901,0.867477335097504,0.43281215499197045
0.8810120428128939,0.5071152953969249,0.8507382053402163,0.48134027006930163,0.5262115652092288,0.5730948945285669,1.0,0.6702571149689579
0.35854709400970725,0.6937995740551717,0.4276334925831317,0.4020499634197581,0.6817202719784222,0.5062171175542305,0.5557151829023612,0.5027970443730585
0.567316625321087,0.5849931794872298,0.11260661345891695,0.6333145337219067,0.3035961160339399,0.21154017288811777,0.48831775122826354,0.5167962006628909
0.36129876708554387,0.6662063715335949,0.23156496672581864,0.4186112502454882,0.3830251730133999,0.4906825459321321,0.5557728569294477,0.29842141007529105
0.6448565354912457,0.51260047366694,0.12161074933761791,0.1082817119205938,0.49753614141413777,0.45580653644272917,0.4793159772850733,0.4944035086939564
0.5451119679020361,0.6895299219696599,0.2777790198164884,0.2656056814198411,0.2813352284225235,0.5577833334337414,0.7489894757292892,0.4137321123520979
0.0,0.15920142747792493,0.3333926554407977,0.388454222500957,0.41832227454905474,0.5077162245961834,0.43765073383551056,0.7098679221086814
0.36479653886372626,0.3275364081048914,0.5957751077040924,0.19287158601477616,0.5779383410640004,0.5205106367452533,0.4705115020163665,0.8176552214298524
0.3755585109410564,0.9120596341048156,0.45491371015438015,0.2445967110059544,0.5139839161989651,0.2847509599362464,0.34964883043729994,0.5794066600030982
0.611116417730025,0.37556645994914833,0.6974810290092801,0.7315015516042268,0.7872603513126581,0.6058826814251445,0.7726857424171397,0.12384031440518847
0.4364186902743075,0.32659894873531475,0.5238451722254784,0.3857101561606525,0.46676843161005355,0.8764349760408099,0.4660560407159243,0.5827584634380428
0.4535461340151529,0.5151426575913667,0.5012033360872142,0.5896648131946319,0.7330615071094354,0.8294787995206659,0.5619240163818334,0.6179093772071205
0.2698270981628866,0.4824246515168759,0.6880578929767178,0.6731937276834307,0.54232194655901,0.6772787919135905,0.5981533417987638,0.7400612516518643
0.5578718313914222,0.42886033688579306,0.5671682513866048,0.0,0.5765771472770099,0.0,0.15530731851891638,0.5903537201881968
0.595505867453359,0.2675142439720139,0.35757959162421227,0.7741081977228265,0.4031939736854648,0.948584062480597,0.49961602936473076,0.5816072353762534
0.8233748796997215,0.5262054232386839,0.29953120386183973,0.478054509661142,0.4928778527619818,0.22705166955968695,0.4488335857318353,0.3515615812005127
0.6848715514374868,0.506922374837051,0.443440850170486,0.4787636138754848,0.5446244036812332,0.6233628399379559,0.30005755426612374,0.2916824734757456
0.720935843080506,0.4175326255590539,0.21663158148062517,0.5887625418766209,0.5926739612065374,0.19385694854865873,0.5458963430927213,0.6471166184856747
0.5748772903412527,0.626396296752279,0.21914618038185021,0.5662080309992391,0.4394760481059107,0.40344196825507106,0.6741111218839453,0.795854902134846
0.8588740109200718,0.7629615743011811,0.4780531636739633,0.5705440326052686,0.6533645743568487,0.5242355898598924,0.5261528375823089,0.6647506263752364
0.48814347079481357,0.3541426127252677,0.4171053868328283,0.6267820755467485,0.5005986582399911,0.5680419953736676,0.634015848440438,0.4250317074204781
0.6512496327259611,0.5757685206916788,0.2530373826177043,0.7884609582372488,0.3998510512486168,0.16898093136296324,0.2909912580827395,0.2957909678643356
0.5104346637315067,0.44522989889075254,0.4326336064718814,0.6239403930964957,0.5679750722385407,0.5632095741288573,0.5819656914657385,0.6232269336004477
0.07840933164451142,0.42711234954710775,0.06395798710210523,0.5072119853595591,0.4990734055551309,0.709106454957936,0.7375268785442242,0.5405550096504734
0.39992778452062006,0.5970322225091476,0.39441647253513734,0.4997214697113302,0.6972272633921536,0.3884457308021153,0.6611357278485003,0.6354802737384604
0.3090416365738357,0.6947788256434801,0.6397132690743009,0.5203851774745315,0.3475353083944696,0.328158796284886,0.3924674846193955,0.608518892658392
0.3088749665197204,0.587502449723974,0.2516488942243215,0.4591862831122302,0.5219295509148018,0.9890260290117833,0.22453686889592653,0.7944029132980266
0.529968482797456,0.5822343836031926,0.5236695826776409,0.5889453636390466,0.4692629791275965,0.7908100362914916,0.4087057711550555,0.7264469144358495
0.37112657595739545,0.4879496307197426,0.2856074895419562,0.591004744069504,0.7890251913853067,0.48452876403582923,0.4606228602592181,0.27707660738641465
0.45414146928953836,0.18144114805569447,0.31742440265623456,0.5453572092218271,0.7638026395482792,1.0,0.3826829829858198,0.787060031329088
0.5487504960803296,0.46975047065072484,0.5865188903452304,0.5123832967359918,0.5220791451224437,0.4183333674346662,0.22037806804022986,0.1912749594955837
0.6306489766562453,0.44465998198285733,0.38078222006876666,0.5017011253446307,0.6589864505831255,0.5360727886052796,0.3687890126718066,0.74525859112979
0.8158371005963263,0.5989113310645707,0.694732702268818,0.7483919993627621,0.7260198632809028,0.6228198354225247,0.6196694094149765,0.6039321146693005
0.2805324650905913,0.6401446313719172,0.22883720577468922,0.341080108974989,0.7607130135616175,0.6680440325388395,0.7974796579371726,0.44566512326254154
0.2695502317446465,0.45191256058593143,0.5204062594481148,0.515797743268002,0.7267360957513403,0.42774591499931086,0.5704068943605848,0.3022745701130788
0.5900634556087626,0.5006217100371274,0.3500373323430965,0.45283412756502944,0.46316485069695573,0.44596897413258074,0.8542682484535367,0.4803107995384241
0.45122077796453247,0.08050980847797172,0.32115852960410457,0.4473853151087294,0.3628294647646714,0.7763415186755593,0.46701244492075633,0.7576888498636505
0.5123409268100736,0.5074455672843153,0.4822407104574998,0.5007592503242918,0.8437590006099718,0.036077854649756366,0.09969085111226426,0.3913658337887772
0.5029055763875138,0.6380208849528025,0.5946174396054951,0.423150817423886,0.7038087386483525,0.7060390806305462,0.536811566254313,0.6925315144973683
0.5545290526864257,0.3877033946434233,0.6395633678000009,0.5221226245157355,0.5002679693508973,0.794590714437915,0.009825574291982692,0.21646316596808607
0.262585914725126,0.4273478704862389,0.44907836604679396,0.1985348704453905,0.3029683935378348,0.32783166429528593,0.9914848184151783,0.8603483895494293
0.4176501164630701,0.4272833419386402,0.27015920056234116,0.11837391735494668,0.47662396271829516,0.30042960335119484,0.4830298936675981,0.17995883019130451
0.34760510833794844,0.5297254190605661,0.5732419195567875,0.5834943917484029,0.23590220316859256,0.6709371460271124,0.3399576606796299,0.6265715829214613
0.4978722646763614,0.22472250018441042,0.43676045908376243,0.5730727484127535,0.6225930760949198,0.4718024205111163,0.8063557781202105,0.7015021541973118
0.4486691767200494,0.6500243624273889,0.8867586970376373,0.8920969201566054,0.25440002383550053,0.31469337776856987,0.7969837573467703,0.28834378983247255
0.2354917733416642,0.4027611738601906,0.5840453418949172,0.4795206586777807,0.3698872759188816,0.3651575076550982,0.3575325871174582,0.32409807426821147
0.9563265754552123,0.559502214237111,0.6773518108809476,0.4021845063762153,0.46280866456279024,0.35728920372592904,0.0,0.22439814463042676
0.13787626400392106,0.0500432444096785,0.26092820514037945,0.7649911358763262,0.49111276645912916,0.7581127524642348,0.582196515380175,0.6565117651430319
0.319820600939085,0.6047901908385341,0.6457428468148692,0.3846705415532614,0.6119080741232332,0.6132375517149665,0.39008947577398345,0.275446313545801
0.26317433362034554,0.5173011083842923,0.5654019737578629,0.3414948339084171,0.5053170682652197,0.6141074072276971,0.6236381429330602,0.8103760240244978
0.7553961664396087,0.29974171344869116,0.8367172419076044,0.393804699088857,0.7089745624908855,0.5135973252102177,0.41757012430860646,0.13846062804501347
0.4656870979567304,0.18812335293887822,0.6934598471685545,0.8033585314278496,0.34061780214066195,0.5603941485038542,0.354921695598405,0.3743030539726421
0.6548989407730743,0.4922923476313175,0.8479296083862022,0.40355350425941583,0.6998672664948979,0.5194826825915564,0.6591556019488466,0.41056846853401063
0.4900882324896834,0.47690022414021305,0.3327885770308426,0.6324163069163505,0.6300498011156728,0.6187109389811133,0.8073931307835289,0.7898689602472606
0.4250110620301729,0.5746104636868357,0.37527986214835746,0.5046710632229111,0.38005011017622703,0.8240140618272102,0.5727396300685925,0.4563941743791156
0.7387237143712755,0.06587691804091772,0.09717948102694204,0.6591677310439548,0.5120936896234737,0.5500892600521521,0.2347207793362903,0.49535325782992673
0.9007018820802684,0.6648399239591726,0.5339413090285624,0.4121892179790125,0.4210854296261213,0.07416042215999646,0.5515280841842322,0.6690966216963707
0.18487613456587698,0.3677166215386368,0.2685070735533156,0.30692976103824726,0.51069632536438,0.08311956900230517,0.6228540876714128,0.6507710139867364
0.4497794823926175,0.0038582980030917036,0.30071627479952207,0.7465803868205393,0.0,0.43049531756129616,0.2639998443065482,0.6609140603169673
0.36497720957130775,0.5807908041471224,0.6130920838338186,0.8672451679460039,0.4594116112649259,0.5752088739245222,0.20298890417451282,0.7380827126587488
0.3478982303857271,0.3878491671824509,0.4955504410301579,0.1874231309320301,0.5457540057857876,0.6934932545850021,0.5585867646994583,0.18222048716425499
0.4752381411340681,0.6484057805958982,0.12440224680681844,0.2850467972364572,0.675308720816304,0.5540190868394573,0.5823943164253508,0.8718989615246623
0.5937105557012404,0.6315776020866359,1.0,0.4572390883819019,0.34042344727630097,0.5855592796494266,0.587798205877779,0.3946569216107583
0.2935205960890305,0.9619688844180155,0.5653686940776046,0.35354292371958485,0.6831860604559198,0.47817096968773315,0.4494237107364338,0.6124545743828986
0.24162354635366204,0.5705254407834345,0.8825909615463504,0.5932355324394621,0.4247575792433071,0.39857894391435167,0.4179320053309782,0.4492074643904438
0.4244386934483456,0.6832622882149133,0.1533581793582034,0.6724000100824268,0.42406269497148774,0.5753895571390745,0.27460241795982726,0.7657262133698872
0.7491269920343746,0.6919181051500147,0.19704904484129213,0.6658242142132106,0.5809710175271418,0.1789457505734865,0.49514052324583696,0.5729068978066525
0.6112150547646302,0.5354522733897712,0.5582462833694759,0.7947222784506192,0.745206781982136,0.0,0.4365122890324636,0.4670697944912098
0.14958028545460578,0.5188366116464624,0.7497515544821013,0.28268642808188194,0.5672801877379744,0.31683530454071246,0.3656175952640646,0.795478726834007
0.391488435977635,0.592442497802125,0.1257563767878026,0.872463512278976,0.6205304892612997,0.46350003146994767,0.6151093019999789,0.21803611421043798
0.7365061483505314,0.43520304490071393,0.4591860969903131,0.40166887700690307,0.38386971945088305,0.6389341223256817,0.5511813700208446,0.6303496282806079
0.4982410621028857,0.6026399622154363,0.41623025121499235,0.9459463682819097,0.18641391671390034,0.7521874647125968,0.7735814901441942,0.3295682388068813
0.9458547221111947,0.6990980565890637,0.6942278013645823,0.5056044374051754,0.4565547683562647,0.4581182345920784,0.5781061192639034,0.7802372550067793
0.5362628435722839,0.31771127537254196,0.664885412476996,0.6842301492789584,0.6309319056895571,0.6490997813049966,0.44581437396843837,0.31420216657388406
0.3263613138718441,0.17290735030842844,0.5473897223091899,0.4833102433546813,0.41200245909405825,0.0,0.25053650606116623,0.7241681302806333
0.36707479998737386,0.5721183355313683,0.22186291400494876,0.7877410964718462,0.4711944679890648,0.558008079296707,0.9651559583763369,0.8032880201178807
0.4386868757425884,0.38135596302592817,0.43489099769609363,0.601979649695307,0.4789551731498258,0.4209511709993056,0.7934362501418085,0.47715802164443266
0.9599178186074638,0.5181485127504346,0.8570636788449455,0.5714638845421253,0.6925921146498896,0.3550777896964551,0.3292481554825176,0.5919411910029975
0.6977106484930631,0.5080513004000925,0.2427213329832606,0.22794832674213458,0.21457271956275178,0.1464755774121238,0.5218970718894175,0.725008784341605
0.4973168426150383,0.04791704853242956,0.4618479079330902,0.4674402006734786,0.9191997500450879,0.20857241741608876,0.4218644794801608,0.8411705361089128
0.5899956682693096,0.612662614703285,0.5229168874047756,0.5659887077314529,0.6555219060557071,0.3381027362214467,0.6756117157816399,0.22539939662289218
0.5656735945663076,0.5357481926572655,0.37674138236157845,0.49546294493487064,0.3754919694668894,0.28565973462765115,0.4292770516772711,0.2792022729256677
0.5645594928186496,0.26998290116952733,0.6423954045982102,0.263704186414236,0.38674101688379875,0.37507931835696423,0.7650293457749677,0.5660579891233184
0.4576532394911212,0.5997438882139446,0.07856153053406242,0.4913732820718185,0.8995028355609526,0.5264693012805345,0.513582633833867,0.6096256759284392
0.6791210486628692,0.10050666142202812,0.16353470364179465,0.5420582582172293,0.35702468762049805,0.7624050524439829,0.43696512202295523,0.11309385285737647
0.24639721663120062,0.0,0.4531748925434175,0.4623231745471233,0.4151074580436205,0.7157758078059479,0.7397039673033386,0.4659223153287778
0.07306126650462881,0.6234563160984516,0.6110720457017151,0.561878314031389,0.6962959498616231,0.267034380707792,0.9017510772370277,0.3081144493716264
0.6498445854401709,0.1625304611173297,0.31394706254598986,0.8032737293450672,0.44782003539983,0.6679845210265596,0.5473910777438492,0.4790083687999655
0.7727700649865379,0.45266823506961995,0.14385237848730595,0.33935198160965896,0.6102383457403389,0.5791018212725016,0.18658834995291237,0.35513149611835976
0.3836557301595507,0.426906081177155,0.22481728227968972,0.3743257783761043,0.3542779029480945,0.6543066519523839,0.6618242621980488,0.4708379083822368
0.4215920408258537,0.5279848624078226,0.336684978508885,0.2706335835665118,0.3119557582148566,0.3730373672057087,0.2673052400415458,0.532411911812575
0.6459431347567416,0.18258033984035166,0.5050257422432066,0.4560128409467329,0.5683017371073606,0.4974122463792824,0.20928014401367384,0.24752214022856692
0.5058847151169945,0.7057561839491019,0.057162525791399424,0.569145315960316,0.7379244010575287,0.4693948247587574,0.6100404992052881,0.3593861838204396
0.47612676014462463,0.17581729633836973,0.03113133831622525,0.6885531602450551,0.30300101445511163,0.40889443099931394,0.22271154934596138,0.21800605938322484
0.46523245998107676,0.35408456117287074,0.5755941995989396,0.5905076837959183,0.5641699292649214,0.5477201581856888,0.8155536409863773,0.28648124619102283
0.4890130267594165,0.7265379641039178,0.7529079618676073,0.21564727013108542,0.43752891166882607,0.771624219173452,0.601615821039813,0.5390526062959545
0.45646306131306863,0.42323981485845097,0.5576438126180648,0.4495251750031033,0.4914842757911112,0.5157197412230075,0.3643856943013002,0.6064258747762876
1.0,0.14460267213478498,0.564802504837996,0.34796198227621894,0.61548051550385,0.5093114946655721,0.6523709548084927,0.7351013153017558
0.5384842235536362,0.7264104576828356,0.03114042124226453,0.8180904595832047,0.5750124303784679,0.7155686711490363,0.2560248510316957,0.33384602367893285
0.5291876588289548,0.4965924221325074,0.5566137176019978,0.7169030321859933,0.1469559369394302,0.6947638143434618,0.5016563819915854,0.4592436277750904
0.20577695312302194,0.600609733675373,0.017178429793792555,0.6296788022477425,0.20157883290540163,0.5106915825234948,0.476166232534416,0.7339076294587767
0.46426896619722197,0.36117228777086685,0.3986794608057594,0.7545765537509327,0.6072593938361788,0.42287400369536776,0.45271071600709734,0.18656458188291064
0.5776948401703083,0.14803685846090686,0.6503592931670912,0.5257243184982532,0.9773903599147845,0.27997288925513886,0.47946758179187343,0.8596575401846126
0.738277928058283,0.3607575896840201,0.5447934856746895,0.5003998712830174,0.5563911734788315,0.3602639128030341,0.48213591945985307,0.1803895249446573
0.5270246903736164,0.5900041346843664,0.4545161174712232,0.1769898218830425,0.6977063725702926,0.5729050075985604,0.3547969804598046,0.4438799106323872
0.19986611944363222,0.29491797444441914,0.39243773072857213,0.7456841624560302,0.37209932182250494,0.6280427318657518,0.39233675942768403,0.549589512170375
0.4717208995712395,0.6746113200185486,0.3930377323562884,0.1854943499995118,0.22361019372727348,0.3936245012114485,0.25018800586438944,0.5820424031359103
0.4068463670283845,0.9749213100052864,0.15245708097257357,0.5407266357419602,0.2744093952988662,0.4013197319234643,0.5282838946681088,0.03492572502514266
0.5473652233576055,0.8805814924548335,0.40931234032628144,0.5519615713611019,0.7049843386250798,0.4672092999946007,0.38380796229370334,0.04485271925564957
0.6281981438789946,0.47736631805422053,0.29746322972236766,0.5253193420555388,0.38326392863876374,0.3943147737768949,0.6212582312217416,0.2323235177352311
0.7094630572147517,0.22046276737631926,0.36745971832894725,0.8845892388133155,0.7254709523284844,0.519520798499088,0.3118939568997567,0.39414553866002133
0.5146550629171392,0.5075046464679197,0.48182581407480746,0.49383349718316316,0.45712497805897717,0.2116042528719974,0.3966978515678335,0.6829248107973692
0.2263331404897765,0.4620888976921443,0.3360492142458312,0.5222700858796222,0.4222733637866364,0.7954787329949338,0.6013166308380508,0.23763936684455775
0.6342456023227396,0.3450696287475874,0.3846007257244933,0.5627638040214243,0.40165051605397306,0.678571163264591,0.3450979876973209,0.3762106894817274
0.36872582129037823,0.3868722503289922,0.7198383111095625,0.6257592587220606,0.8419887908024143,0.9535288407798509,0.29385659361353206,0.5140838254654578
0.2647599366713134,0.3444788144503466,0.3739834979488661,0.2885690251723451,0.2896225454203173,0.47114312429594907,0.25665631632271857,0.6684253918275265
0.31644929251649717,1.0,0.40972310980712096,0.5144035283834104,0.24093176310679298,0.8412183516255278,0.7239001361605832,0.5593831741472225
0.2306394902440869,0.542133375544924,0.275713790796549,0.7924710526946721,0.6618389463706345,0.5190878076975473,0.01272486735053556,0.30331680426819385
0.6375522263199745,0.7425767383446311,0.7218339622984262,0.18159739955170895,0.5603104613625808,0.7031030432965859,0.16833288688355097,0.49841909692535274
0.5547684796616912,0.43984708303065306,0.12956762891975968,0.4348603779852543,0.43453891394899524,0.4703855190904492,0.3873057149149861,0.4113975693517065
0.4920587435306044,0.5884909209939423,0.43911464742866657,0.4180702143263996,0.5184708076508916,0.11581681482096373,0.5954070254452917,0.4998873805754082
0.5079387053195124,0.6921468615188927,0.1094368939903504,0.10523322602820726,0.5547607690647038,0.4985766289742969,0.5340353886383864,0.40757458496551086
0.6328707348479863,0.6865277685982241,0.5967964587903054,0.4478343083190834,0.07846212247711946,0.6538472416074256,0.7443457332435185,0.6289116823967961
0.3240715145264987,0.6347588787335515,0.6721059415922892,0.8117632495598172,0.32477801515440846,0.45470908309117236,0.649454410228691,0.5114820142876316
0.27653447958974503,0.5829232570053406,0.6157323267630334,0.5175925792662004,0.5439169854359888,0.44825881966285397,0.7956557871432118,0.31986156325746473
0.3825358474472443,0.5021971027055051,0.6757908055401786,0.20052536598109266,0.23794065004691217,0.09245429845305644,0.5065390450506542,0.27633883655869124
0.4230899779964166,0.6322756379783415,0.3716914558434307,0.5462564045486729,0.4401324184496556,0.6344228630192874,0.5950256134696017,0.361613260765078
0.4662696493199095,0.7087486795440989,0.5786753740508194,0.2206075884497737,0.6311236122342765,0.2830778755127524,0.7825026139922011,0.704819767968205
0.5579770951836801,0.5314465686872386,0.458193548794516,0.6357047902800056,0.42584436610758764,0.5471139741279788,0.6743868733038901,0.3876386912948821
0.3767614520018611,0.26112690385510823,0.28710545077476557,0.13432093771169953,0.6459657578031059,0.8617829084165541,0.7850657886940611,0.1747831022746967
0.64497093431124,0.7844212699847114,0.40863800385226723,0.5202894861300098,0.09842138983906595,0.5533472335953283,0.2872880541130565,0.539927003582303
0.18775941556222395,0.6085716448955192,0.704902535085338,0.34336402765696644,0.2726154837179131,0.06879539149000378,0.44671729318496456,0.383681213143679
0.18979611753038905,0.5906037512624344,0.41000592362707017,0.28485280827095355,0.3890855188719106,0.7142609077859231,0.6205873887510445,0.47399478770030207
0.6238210036929706,0.2678176087226522,0.5064740201454061,0.5294644660972941,0.4060326983002546,0.5870916671914835,0.3439133090711098,0.6019641415552236
0.6103717543062583,0.0,0.7380611407020234,0.0,0.3767901948887749,0.7050696068515511,0.4365426549495119,0.2067628035060916
0.2812525876566659,0.705381149264124,0.11569909389027237,0.7257982201924035,0.48897958019154214,0.2615209339115133,0.3833769855394618,0.29655513177967174
0.6732450401717057,0.6464855619525676,0.1561677732247907,0.41928157629613316,0.32736286753114463,0.758701993691874,0.2299801763747158,0.8208458209370029
0.4933410520966125,0.26761311872398247,0.36454516319814445,0.3396762318463099,0.2450763195968988,0.5189653719460752,0.2544168898616313,0.06392675825236227
0.4240647058303654,0.13942876071642352,0.349567826386496,0.3181794222793288,0.3257567855948372,0.9001926203180307,0.5112823134339142,0.5490742017990664
0.14472034073154108,0.3692073732726156,0.5430605259883023,0.2950942174173987,0.681612568703597,0.259460682819794,0.4427267728269649,0.3827896720048883
0.5328641318763832,0.3719019856289148,0.44582127458581255,0.4527739816444029,0.3531224485217398,0.5970187736994226,0.5476776749674851,0.48227721094936654
0.41390833330760834,0.6593088061039994,0.4528331512371637,0.43866054243481256,0.5209380059776252,0.8393173365941701,0.23192875839575924,0.6539713786110709
0.12136576775237905,0.5434546316457248,0.8150165655217462,0.5977337048934614,0.5341250157079586,0.3879101062393849,0.5062094400977108,0.44958743691932873
0.34280467841372897,0.442024876905026,0.5396762321252879,0.3465565862938719,0.33874363586306316,0.22795131248156514,0.5781450052177792,0.609064652393412
0.5463320888473036,0.6930340985457332,0.5175735274161455,0.5784021874731513,0.5607674851275126,0.4816919961163584,0.39383563437407054,0.9428305231583822
0.40960980402929836,0.36682445777591277,0.5868019646900214,0.5503708830590011,0.21904169047793454,0.7245356509127477,0.4811610849298334,0.2778137809568559
0.7377568228707748,0.6251351143192307,0.24709160161041718,0.8554365680515449,0.6317594736732386,0.4979607768749908,0.818043761124356,0.5318595567659281
0.4943833849791936,0.3679399767956022,0.6163700878614157,0.5953205934647959,0.5029360279779422,0.34200272922647945,0.5259859708332147,0.48604024284757247
0.2333051362531598,0.2056375297351629,0.6130306757619539,0.0,0.541082105392252,0.4043833884492351,0.761649321375982,0.40130635816922483
0.6318968428503792,0.42061723175244164,0.5227496306972287,0.6473673061840103,0.407488856735084,0.6993109768996808,0.30126042457870333,0.5589185685116758
0.6845279445575705,0.632007498358067,0.8832889753470821,0.3473121365378679,0.22417014973028243,0.30113297830097613,0.6320885133096874,0.5995845868538757
0.5204513319294831,0.275408590178574,0.6533734586658121,0.2550590444698919,0.7317899164753799,1.0,0.5732902293143101,0.6166216271315486
0.4014280462208881,0.13795733578263678,0.3794561273939555,0.2814209517802501,0.21059908471699687,0.8444719883991298,0.5545725036051546,0.5759375161227968
0.43819552696075015,0.46542578351131275,0.6929101364478666,0.4935325762609569,0.6061387876049465,0.4607991404309968,0.43156942185359054,0.21861716687962762
0.10445018752657437,0.44768761978671967,0.5112993383986466,0.24277399265824182,0.49310502699307346,0.5107505125981004,0.06879839878812417,0.31697506810409976
0.5814527787470937,0.5774117458791488,0.2692650167200479,0.531689610099947,0.7044814450720944,0.6554145917981796,0.48094284259721315,0.40640473733514154
0.3741311031330991,0.5935639565819314,0.5390207946285777,0.62588080122044,0.5263747626242304,0.6637527900694884,0.51891850659154,0.6569377432263374
0.6741645540733278,0.3390946739550373,0.13837119062585085,0.8086985712029107,0.5513317461424524,0.15710282090077568,0.3572361005562578,0.6543748584739657
0.4440646337734214,0.3975877161361746,0.7801763720625934,0.2905425707232379,0.3403693284490332,0.5422772950096535,0.5780909864107764,0.5992686068681463
0.6822476089137893,0.5397157241363034,0.5978767877876818,0.4481581481369834,0.5125396606473428,0.5215068360107269,0.5430196271638073,0.6545079615165522
0.6110291363889662,0.5088434005800366,0.33817480301179204,0.5135342516125418,0.49439644302085123,0.5386363159626397,0.9413050614280805,0.3952454442917529
0.584457803825072,0.7136924134488596,0.5196003828198766,0.9675690238344331,0.4243921416537047,0.5648178444640094,0.3402388510214036,0.4296950529713414
0.5497867820793315,0.6692608124615459,0.5638189668047148,0.7518229698669472,0.48100693788146565,0.43356629403219893,1.0,0.5788475298884062
0.35610369080429044,0.3611472475503863,0.3114640170937319,0.6873138711713576,0.42712454142135164,0.5254724951312971,0.48729826511234625,0.6462984815881869
0.33065118142319605,0.2848855427713969,0.5448594614363189,0.6201918569399795,0.5665064626195282,0.3381092541805345,0.6354969684182787,0.35122781458087315
0.39569227104272336,0.3112092950555996,0.7602316697304062,0.6266843082054698,0.6209986751357747,0.74944228422849,1.0,0.1581547792179689
0.3523246838245784,0.37676498316509527,0.32983607552346145,0.2844833504792575,0.4400693871889269,0.256679256942119,0.5670084735074826,0.510339664285723
0.596205732952731,0.6015456903276505,0.6206013706853353,0.4253182126352235,0.9242286805267336,0.5468862232964196,0.12750304947504099,0.2995248508467565
0.1518994021944369,0.5034669258302614,0.47563895518933325,0.40631486042010845,0.9021852224801028,0.6097965748153822,0.6452196722892669,0.3137853024115794
0.30017102173379756,0.5073610998193909,0.5346014279304452,0.12873768657710857,0.4639385954300932,0.5028144165747009,0.4569701668457742,0.33732191753066476
0.392092963615772,0.4646281612854408,0.5181600047220095,0.6209583165101136,0.7161712409901742,0.44113045529455003,0.4087687607769284,0.5875311347068612
0.6221689832821709,0.4131599133482229,0.6580786953932345,0.6959170682311946,0.7583372931317346,0.8556641813439644,0.32671677226811224,0.5027796418665023
0.502255539323732,0.4803852862934985,0.3701474160779728,0.20288759935378572,0.5185358892058007,0.3463288680904175,0.517198696149525,0.3411912916602293
0.28006833083113175,0.5468596720753796,0.5301843053612992,0.6158563942641866,0.937172753283525,0.5554579062421694,0.5970163534128259,0.28448773422653495
0.2426185118927251,0.8165658893546668,0.3153040440133393,0.2912111857062716,0.4921802157566894,0.48196151732452236,0.3194986987113417,0.43900535625737996
0.7458751435300209,0.33880127823364053,0.22126550312676568,0.6885187241799584,0.5984593823876073,0.37589627587026775,0.18356659677461645,0.35107532871228736
0.4890591126301458,0.7331344179767638,0.2926836050260686,0.4830960236977053,0.6350289319789796,0.023746531975615895,0.70675723358778,0.2635098855587125
0.5663990986913869,0.5493366299221488,0.7169172782927691,0.610184876178708,0.024541901654003828,0.3430441505688017,0.527641025870656,0.46100402277604263
0.5955221459513541,0.657873311133941,0.6216903472859359,0.45714501148910697,0.1307325977759039,0.4089037502290366,0.5832736296277911,0.2819105494899045
0.6262549460243152,0.6816786594534608,0.5253733952591685,0.0,0.24438232745763933,0.8772378317112164,0.3906924413943244,0.10317135537420086
0.7470494776620545,0.5026711183087346,0.720988097791545,0.5553917350438731,0.5917118272424338,0.5726018495429033,0.6394976623841999,0.9554860897112196
0.6942012671918376,0.183932136430893,0.5893323030557807,0.7282961536206436,0.7405401613072291,0.4146790033881801,0.7329888890376255,0.685548479910241
1.0,0.3499996527502977,0.39851988471991495,0.43877619030800924,0.4019555699922449,0.32199585004727943,0.0,0.4130601052553732
0.5738716119399809,0.40135563089881787,0.8870762367058219,0.5026751625431725,0.758205811036827,0.5522840825459937,0.6652814619786516,0.5558483107867125
0.7737569263807126,0.5111878700264801,0.5992241416177572,0.5732665867300087,0.44234290837453627,0.5809964637849354,0.9468772492395363,0.44592061158091156
0.5838929785706496,0.7515557901738885,0.7280506561888561,0.502343283543873,0.02332225940852764,0.6033405637296932,0.05610514827538951,0.7939874461882462
0.5338947742386521,0.6999348039743978,0.31957777236378976,0.18949850533998913,0.5521508768282335,0.49327931200877156,0.4016918347685669,0.5169322561465528
1.0,0.6669051094738115,0.7098997211726638,0.668787378310671,0.7958924287704385,0.46198566541985103,0.0890477384649413,0.4622827733987981
0.6623471419993004,0.3060399209769853,0.4647268099021339,0.36164605139953737,0.800405850368626,0.6498914030813127,0.6303081241287918,0.6243202626241943
0.4925501494895746,0.5395112565055007,0.2629630838935365,0.06271160424988653,0.5300162260690048,0.564798051254429,0.7418529136850756,0.8142671632164735
0.8139996969997894,0.30039528134122445,0.4295469930100461,0.5960668591762759,1.0,0.7960198407427832,0.7238794323996761,0.4224424088901419
0.32336007376897513,0.6577815766766478,0.279867747153128,0.4523127298039395,0.47704441019961547,0.8185824178245615,0.4290605394080645,0.012150072285476918
0.6008889295324937,0.36019562937921473,0.5085262048875494,0.4826590598315753,0.4452592008364463,0.6580681163569407,0.19342702432945855,0.39659715500912796
0.6368075826234763,0.3771830449311264,0.17823865814600567,0.6337110686513472,0.7246189260883079,0.49100095847139874,0.10783088030609352,0.6411939493397631
0.1680224237160624,0.5617598553696331,0.32250723505156803,0.2680321428466069,0.41161799658406195,0.463340488714548,0.37115834992271035,0.6177406556430302
0.41078612430823325,0.6960381743343643,0.5562346331286958,0.36048855868073837,0.3268120232335428,0.1705007401905123,0.5581466355733644,0.4290824905497284
0.025560894387297167,0.39285702544612,0.31979319414900964,0.8151355184341321,0.15944427762133803,0.21172984005318926,0.7219939286211399,0.7713526314927927
0.3510034122548717,0.37358283543821785,0.6232470793106626,0.03458004061093797,0.12776126309888877,0.4438533198298576,0.8099781132258251,0.41285398236665205
0.5201873583470309,0.7267578545128024,0.9213769466556293,0.3846303053703375,0.49663265525331485,0.8644110442685684,0.19556014496171434,0.7055162141107643
0.2963368935277484,0.5204944734206314,0.4514761905199452,0.30839767985975414,0.303379614468345,0.5552828728507508,0.6991078656325364,0.47405275936229935
0.5140226317466432,0.6142348132582095,0.30567624539740806,0.6479385016825846,0.6638686194119494,1.0,0.4247791618880835,0.40838363966637453
0.6537931743147491,0.6638208337824276,0.3929825693246576,0.41936746461399027,0.6082261676436082,0.33448315185306776,0.417893202396997,0.5179185534736869
0.6991877369644517,0.3790802767640919,0.1315231075938656,0.11668050649635782,0.24811738665877334,0.23736645636001255,0.46907784827601817,0.262223969280479
0.3594490080357592,0.34518282300359004,0.41189842783040137,0.7645008663046244,0.6323895178861033,0.5032258830552008,0.40779474388383236,0.41335346867539574
0.5655492939903899,0.6168338146704581,0.31847649877987994,0.5072961511228463,0.09367608626739465,0.5423427568341194,0.6524298483917371,0.44398627462382495
0.8633053992280211,0.32375231051278996,0.5434880830606522,0.49283505066680894,0.47994046651131833,0.47713556639905047,0.5214210060018943,0.66959174869274
0.7755472472549488,0.49954995109916855,0.6630632144343266,0.3596466107466435,0.6531910905452466,0.347601695234602,0.7181319872176264,0.9421281754786478
0.47558322240572165,0.06149130183851832,0.39038541335103544,0.7463750268578606,0.610615357405049,0.5497827197350059,0.7017336711909679,0.5968906878496844
0.7435450374902273,0.6838847353293971,0.8043400905473919,0.5717592167812509,0.6810518802987909,0.43857458538284294,0.3797078376881988,0.8413535280837947
0.5432409352645376,0.6609761131724758,0.524748002882278,0.38269686981600715,0.5021965785164803,0.7871988035535429,0.6110480148558848,0.15770536805390817
0.456951108684769,0.8564587585409424,0.4572406276300088,0.1399042616531639,0.8786097770845087,0.6364785019625585,0.48599742823743997,0.42571645278358633
0.7164703859583471,0.3916033199547615,0.7296512849031977,0.6084390571448512,0.54893638509747,0.5291029610671191,0.46500639265716437,0.7091280240418532
0.32693143357963317,0.17561497463395817,0.6228880245784949,0.6262476656134295,0.5960482305023533,0.5815456739236078,0.43589192433249047,0.6574965408771051
0.4908883746490918,0.4025772878369644,0.43762173754892003,0.9041279397551664,0.15300478359091346,0.5999576208591597,0.16417791447525656,0.4783533323354054
0.41327450296916246,0.08299434066402447,0.5778075180867526,0.4239923875615609,0.08015873148775124,0.6679136181548504,0.787001235597787,0.7980248684593144
0.5717912881302942,0.5092116277154232,0.7656313241791594,0.8364767170680196,0.7267137405751251,0.3116924795540398,0.5402689706429844,0.5879032288582857
0.13807660621655413,0.5938721319241549,0.9545983651958778,0.6279872331601583,0.7946826162883514,0.536582946025741,0.4853563352032357,0.5762542780161951
0.33683467040311343,0.3072449625531223,0.7532609114338731,0.7744684685733036,0.30177873688252993,0.6935997609107728,0.4826080048787958,0.5679617148980861
0.5920437278870126,0.6988700936248637,0.5165436403726378,0.7820323990603872,0.5618825679519849,0.6248368544939065,0.3333474816925507,0.9317318021409667
0.5939649846409933,0.6425994850690199,0.1783628377576917,0.3354595953841798,0.7475767375837461,0.557378223658521,0.11724405303421483,0.7076579857967638
0.3912434391294553,0.7822633971753424,0.4824328642792601,0.540941337204106,0.7357909157183297,0.32050140582906755,0.30143063843321205,0.4607003159203785
0.6654345599242445,0.23382454947730189,0.1663930800221807,0.6647441854087585,0.37940433748659924,0.42155479741594337,0.12863791961196683,0.36420413712960353
0.4984865406737699,0.6860755715245784,0.34575396675307224,0.8314752240464992,0.3630887951640399,0.36338163968296505,0.8074715103795604,0.5422920304727834
0.38959505419768464,0.4689733737638813,0.7706147155084118,0.7932405639251363,0.3366413641459488,0.49151323798417834,0.5180313655335146,0.30275197789668046
0.4888629894700012,0.50106457209034,0.7280418957873471,0.7414850056622402,0.4341581203281984,0.4572093712278377,0.6328584604111271,0.3829623102145977
0.6177280303474805,0.48241870252615704,0.30612028445227585,0.3086326574240707,0.7894117392062203,0.4687157041713403,0.8280708187796623,0.397272747857018
0.5582410402262986,0.9785353446036483,0.28852265106734415,0.12043710002004472,0.7573180262574466,0.33463817892138525,0.49585872717875323,0.38281635790968305
0.5536325561910632,0.30989275856285153,0.4640119824233388,0.5899630653113068,0.29833822274514765,0.3599831940708222,0.43052343328029363,0.21423691315474436
0.4154878034402507,0.5237593079805803,0.42009021168231436,0.4457247014136551,0.4960196658186829,0.36885130751353723,0.6382125131733754,0.7871956249603551
0.40712392156091026,0.5970396462955414,0.4520765689130706,0.573097469007701,0.8131559062406509,0.6017319086036197,0.14531709223806386,0.5907991262893918
0.7465727486618019,0.4556807660003795,0.6991269612235664,0.3619768917696108,0.20289216809554525,0.5282338037665281,0.14870465585073717,0.45204579742128165
0.7573684525291006,0.11804741885074382,0.24410064081722044,0.29359355096768447,0.487336028057808,0.4268566428707582,0.7798272763392174,0.6908696658183395
0.5990545892137196,0.529126062868777,0.5786459553969655,0.32760352893732503,0.6714420707113224,0.2775911491281598,0.6670753987804462,0.7372285004237662
0.5421729204176174,0.4647573882076048,0.5800619816619347,0.0,0.5604516436970922,0.4773292004320386,0.4898743773886018,0.6413065025795656
0.48504621568705447,0.2719586286697684,0.4717194658349244,0.5135110968161649,0.5229867823162025,0.5323838734570135,0.7078738089837107,0.2827930893931705
0.5351400912329699,0.7579859397236482,0.15307770061256096,0.5359293361560107,0.38292429960539137,0.425857923105379,0.3190384993571156,0.4660898568599112
0.8682511228853809,0.24711392776455726,0.2660779995042345,0.2396130859672991,0.8454836573256203,0.4075320588957426,0.49487218793046517,0.4194434117787521
0.3111154243193817,0.4529698706771129,0.9916487211473121,0.7784141841948511,0.32941243644154555,0.6295148206123371,0.3336954454667247,0.14472647223075583
0.7039021835329259,0.7320185693287101,0.7092104502095798,0.4060269501560855,0.46664485319960275,0.6499531107316245,0.5782992074696214,0.42127250574059116
0.17618563597636708,0.5227750388284025,0.7158019278472227,0.26048234219316857,0.6277518763351954,0.5663083390267385,0.6500296526464667,0.6743950999438014
0.3611069516149294,0.1766081199670108,0.3932960948634241,0.6778254635054015,0.3915992192948058,0.36119133522847163,0.13572993161507235,0.8505295109101879
0.6651427282850619,0.6539791962549529,0.6935450773558947,0.6153416723086803,0.45113422896409416,0.46724717917555963,0.41448712708157504,1.0
0.6111824062598885,0.4072399117297131,0.5930993548332559,0.2978262164287365,0.8009013437178454,0.36778618083857195,0.6002170865244931,0.7131955259486269
0.5769537088409985,0.5188939983639277,0.5021604169712031,0.4887117806225786,0.3846603022144996,0.41010331404605915,0.795918074730187,0.47829267346296866
0.3428407461234454,0.39674048062769834,0.7200741361394447,0.6351213266328957,0.6120658356464515,0.4484957602180417,0.614672494034589,0.3712877750098704
0.4480771937308451,0.6939608974783491,0.6748555357838129,0.30361803080983935,0.32889470941828486,0.5217404305626819,0.8452264749339019,0.11688696710620117
0.5556665879141008,0.22479133368537038,0.37313380129489093,0.4271143163871517,0.4158983313126219,0.3932408120681583,0.501441412075274,0.39294888667388433
0.20750852302916947,0.6559739225045553,0.6505744334297761,0.6686348620045337,0.19185310074718362,0.5597836305168302,0.6351957711613846,0.293759586312083
0.5018346496364259,0.47674667093792683,0.8684301317136528,0.8848992074025147,0.16712872133395984,0.9987854011455979,0.31695485576933524,0.6961346588654851
0.6940995961727461,0.3008619546316387,0.5986535587678198,0.4784932511467872,0.6108660009264781,0.5461344604761251,0.7392678970740494,0.5150799086292124
0.4664251861147377,0.7192128466114361,0.6160791929717206,0.6463626788641775,0.3670826655482807,0.2909474437203052,0.3864555713494597,0.3758357228638823
